{
  "norm_stats": {
    "state": {
      "mean": [
        0.2677009403705597,
        0.28966060280799866,
        1.6563488245010376,
        3.0978150367736816
      ],
      "std": [
        6.968662738800049,
        5.647741794586182,
        1.7504067420959473,
        1.8233925104141235
      ],
      "q01": [
        -16.263140421295166,
        -14.784408862304687,
        -2.281596004486085,
        0.01507964515686035
      ],
      "q99": [
        18.432389238739013,
        13.680839179992674,
        5.2087400245666515,
        6.2668491997718805
      ]
    },
    "actions": {
      "mean": [
        -0.006109375040978193,
        0.0014550003688782454,
        -0.0013036830350756645,
        -0.0017321986379101872
      ],
      "std": [
        0.6031860709190369,
        0.5558527112007141,
        0.22294797003269196,
        1.0505032539367676
      ],
      "q01": [
        -2.1637725797653196,
        -2.0914297374725344,
        -0.9806157618522644,
        -5.704111394882202
      ],
      "q99": [
        2.0988764802932742,
        1.9984277107238766,
        0.9792723013877866,
        5.653349533462524
      ]
    }
  }
}
